nome,cpf,nascimento,email,telefone
Leandro Fogaça,931.042.758-23,1979-08-26,nathan04@example.org,(031) 3957-9690
Renan Cavalcanti,869.423.510-24,1986-06-03,ncorreia@example.org,+55 (041) 8882 6187
Dra. Brenda Costela,325.167.840-07,1966-08-10,eduardoviana@example.net,0300 520 2289
Pedro Henrique Cardoso,149.832.705-23,2004-04-19,milenacaldeira@example.org,+55 (071) 0677 0983
Gabrielly Viana,154.062.789-67,1979-01-15,erickbarros@example.org,+55 61 4028-2593
Laura Rezende,910.248.357-23,1999-05-27,teixeiradiogo@example.org,81 2908 8718
Sr. Anthony Oliveira,348.790.561-20,2002-10-17,isabellyda-conceicao@example.net,21 6885 3677
João Guilherme Costa,695.412.037-52,1984-02-28,isabelrezende@example.org,+55 11 5742 4126
Dra. Alexia da Mata,798.361.452-73,1986-02-21,pda-conceicao@example.com,+55 41 8295 8449
Amanda Ramos,591.084.762-76,1998-07-15,heloisadas-neves@example.com,84 8421-0413
Renan Lopes,591.873.240-32,1975-04-30,amandamoreira@example.net,+55 (041) 0343 6899
Emilly Araújo,350.649.827-47,1987-02-26,grocha@example.com,81 6894-7595
Davi Souza,341.287.506-62,1992-10-13,luizaaragao@example.net,+55 21 3120 3991
João Felipe Costa,958.367.412-55,1972-09-04,thales80@example.com,+55 71 9610-2134
Caroline Cavalcanti,514.073.692-61,1996-12-03,ceciliaazevedo@example.org,+55 (031) 1299 0262
Yago Ramos,397.501.684-10,2005-12-03,da-pazcalebe@example.org,+55 (084) 4617-4287
Maria Fernanda da Luz,405.178.963-20,1977-02-20,nnascimento@example.net,(011) 4046-4033
Bárbara das Neves,761.495.320-70,1991-06-25,glopes@example.org,(011) 6105 7182
Daniela Caldeira,015.937.684-00,1985-04-18,pietramonteiro@example.org,(061) 0171-9132
Luana Moraes,285.943.107-14,1978-08-11,carolina99@example.com,0300-105-1476
Vitor Alves,960.375.481-10,1969-07-19,isabelramos@example.org,0900 446 3373
Isabella Teixeira,468.390.517-57,2005-02-15,gferreira@example.net,(084) 3194-4952
Guilherme da Costa,195.203.468-05,2004-02-24,jbarbosa@example.com,0900 589 9867
Sr. Yuri Novaes,931.824.675-73,1981-03-22,isadoraazevedo@example.net,+55 (084) 8569-5181
Srta. Isabelly Castro,537.024.681-53,1982-12-20,davi08@example.com,(084) 3013 8777
Ana Sophia da Luz,245.783.196-28,1987-09-22,castronatalia@example.com,0900 747 3394
Ian Mendes,927.183.450-04,1973-10-18,carolina47@example.org,(021) 5354-2095
Miguel da Mata,539.426.187-37,1965-12-06,thales45@example.net,+55 84 6305-4072
Dr. Yago Moreira,572.419.068-02,2003-12-24,ofernandes@example.org,0300-565-2486
João Lucas Ramos,719.234.850-32,1988-08-08,juliana28@example.com,+55 (084) 9810 6073
Bárbara Correia,952.710.846-20,1976-09-27,da-cruzkevin@example.com,+55 (041) 4811-9780
Calebe Viana,853.217.609-77,1987-05-15,bruna04@example.net,(021) 0855-7286
Heloísa Dias,517.893.042-88,1994-03-29,scarvalho@example.net,0500 254 5624
Kamilly Peixoto,792.584.136-28,2004-01-18,antoniofogaca@example.com,(071) 0885 0734
Sra. Alexia Pereira,760.128.349-69,1973-10-08,lucas-gabrieldias@example.net,0300 427 0560
Paulo Martins,625.740.381-26,1965-10-13,brunacostela@example.org,(021) 0467 0162
Sra. Maria Vitória Dias,163.987.052-03,1965-10-21,campossophia@example.net,11 0701 5451
Ian Monteiro,279.430.185-32,1964-10-22,ipires@example.com,81 4451-4955
Pedro Miguel Jesus,126.580.497-49,1980-05-12,cnunes@example.com,31 8293-8255
Alícia Almeida,469.751.208-11,1963-10-07,gda-rocha@example.org,21 2120-0931
Dr. Arthur Ferreira,837.594.026-74,1999-02-19,enricocardoso@example.net,31 2931 4409
Srta. Marcela Moraes,402.195.386-89,1995-10-19,ferreirapietra@example.com,(021) 1479-8130
Raul Caldeira,124.358.607-90,1970-02-12,nogueiraaugusto@example.net,41 7556 5948
Vitória Lopes,328.059.476-65,1991-01-07,maria-eduardajesus@example.org,41 5894 1811
Marcos Vinicius Melo,124.870.365-08,1981-12-23,alanada-luz@example.org,0900 960 0639
Marcela Carvalho,062.914.578-49,1999-12-11,da-rosaigor@example.net,51 0813 0828
Heitor Gomes,147.380.962-22,1981-02-25,vitor40@example.org,61 7260-1615
Camila Novaes,815.972.043-23,1984-05-14,almeidavinicius@example.com,0900-614-3051
Carlos Eduardo Pires,328.567.904-29,2003-06-11,joao-felipe91@example.net,+55 41 0383-2675
Sr. Yago Almeida,785.916.324-19,1999-06-15,juliana90@example.net,+55 81 6177-6196
Sra. Emanuella Ribeiro,482.639.107-22,2003-03-10,kamilly06@example.org,+55 (051) 7763 9541
Cauê da Costa,493.586.270-00,1965-12-16,inovaes@example.com,+55 (071) 4021 5987
Maria Fernanda Rodrigues,409.523.687-65,1996-08-15,barbosaraul@example.org,(031) 8922 1131
Sr. Augusto Martins,350.498.621-24,1975-08-29,silveiramaite@example.org,(011) 5889 0835
Thiago da Mota,540.916.278-11,1966-07-19,laura93@example.org,+55 (081) 2898-9025
Davi Lucca Pires,026.917.853-86,1975-04-03,kmartins@example.org,+55 11 9407-5619
Ana Vitória Fogaça,478.912.063-50,2005-05-27,maysa41@example.net,+55 31 2916-7832
Srta. Beatriz Fogaça,910.287.364-87,1984-06-21,ceciliapires@example.net,+55 (011) 1318-9971
Luiz Henrique Pereira,697.580.214-94,1971-09-26,viniciusrocha@example.com,+55 51 7058 5799
Clara Moreira,165.407.982-02,1990-08-09,vcostela@example.com,+55 11 7788-9438
Maria Eduarda Rodrigues,498.605.317-57,1963-11-13,rsales@example.org,(041) 0251 7853
Davi Lucas Nogueira,395.827.640-74,1980-05-17,da-rosajuan@example.net,61 0795 6888
Enrico Fogaça,529.370.146-07,1979-03-27,teixeiragustavo@example.org,+55 (021) 3538-5414
Danilo Sales,125.680.473-80,1977-03-03,hda-costa@example.com,+55 51 1657 5695
Felipe das Neves,349.857.260-10,1985-05-09,ysales@example.net,(071) 8947 6121
Pedro Lucas da Conceição,456.278.910-76,1966-02-25,novaesluiz-gustavo@example.com,+55 (061) 3679-0818
Dr. Augusto Nascimento,173.580.926-86,1973-11-24,eloahmoraes@example.com,51 7585 6488
Sr. Heitor Moreira,019.742.856-85,1971-03-09,eloah91@example.com,51 0039 5920
Juan Caldeira,136.504.287-17,1980-08-30,eloahcavalcanti@example.net,61 5166-6888
Benjamin Monteiro,629.830.147-03,1971-08-07,mouranicolas@example.com,(011) 3352 9241
Pedro da Conceição,019.735.862-40,1968-09-21,isilva@example.com,(061) 3445-4068
Isis Martins,563.908.271-21,1988-08-23,juan62@example.net,+55 (084) 2175 5290
Dr. Thiago Pinto,341.857.629-09,1992-10-03,rochanoah@example.com,0900 975 0829
Bernardo da Conceição,679.235.480-56,1972-08-25,almeidaluna@example.org,+55 71 9538-5179
Maria Vitória Sales,128.450.793-97,2000-01-17,mrodrigues@example.org,+55 (061) 3002 9415
Sr. Isaac da Cunha,293.547.168-73,2005-02-10,manuelada-costa@example.net,(061) 8625-6412
Dr. Raul da Conceição,125.693.708-86,1966-02-08,kamillyfernandes@example.com,+55 (031) 1967-4627
Luiz Gustavo Santos,219.036.574-07,1985-06-16,jnascimento@example.net,71 1151 4781
Isis Pinto,314.079.856-39,1988-06-17,agathasales@example.com,71 2839-4259
Kevin Pires,601.938.524-89,1970-05-05,vitor-hugoaragao@example.com,+55 (084) 5105 2273
Marina Silveira,650.741.823-44,1986-09-30,srodrigues@example.com,+55 (031) 9426 9761
Letícia Duarte,268.417.903-40,1969-12-30,murilo04@example.com,(084) 7303-0750
Carlos Eduardo Carvalho,638.540.279-74,1963-11-13,maria-juliaporto@example.net,+55 (071) 4576-7551
Juliana Alves,480.971.356-39,1986-08-26,brenopeixoto@example.org,11 7270 6382
Cauê Nunes,029.758.463-47,1974-07-17,benjaminrocha@example.net,(084) 8805 4491
Olivia Freitas,560.271.439-16,1989-08-08,sophie69@example.com,(031) 6791-4423
Ana Vitória Sales,376.429.850-29,2000-03-02,erodrigues@example.org,41 4875-6204
Dr. Igor Rocha,428.791.306-03,1967-10-16,tcardoso@example.net,81 6902 7384
Luna Fogaça,534.681.792-19,1969-02-12,cavalcantiana-julia@example.net,61 9080 3852
Cauê Silva,723.469.015-80,2001-06-02,lfreitas@example.com,+55 (021) 7870 8354
Elisa Cavalcanti,405.763.812-17,1968-03-28,oliveirabeatriz@example.org,+55 (031) 9568-3648
Dra. Eduarda Costa,863.547.291-82,1979-11-16,juan35@example.org,+55 31 5745 3178
Luana Lopes,543.069.781-84,1995-07-03,joao-felipe82@example.com,(041) 3291-6612
Kaique Souza,293.607.145-34,1993-06-16,leonardo04@example.org,81 5173-7791
Breno Lima,908.275.341-32,1964-03-08,qmelo@example.net,+55 (084) 1020-6833
Sofia Cavalcanti,917.654.028-67,1994-12-08,pcaldeira@example.com,71 7240-3517
Sra. Alícia Nogueira,061.293.547-70,1978-10-06,piresmelissa@example.net,(084) 3474-3472
Luiz Gustavo Gomes,786.954.023-47,1983-09-11,sofiavieira@example.com,+55 41 8495 8536
Ana Clara Teixeira,973.215.680-59,1964-12-15,isabelramos@example.org,21 4119 5890
Cecília Rodrigues,591.207.438-23,1968-08-20,da-cruzdanilo@example.com,0800-043-5251
Olivia da Mata,948.350.261-60,2002-07-27,da-rosayago@example.com,(061) 6308 8979
Yuri Rodrigues,278.543.691-19,1978-12-21,ana-carolina19@example.org,(061) 6402-2986
Joaquim Barros,726.518.039-95,2005-09-15,ana-vitoriada-mata@example.com,11 8442 9749
Clara Aragão,284.976.015-30,1990-01-04,joana38@example.com,+55 (031) 5159-9677
Dr. Davi Lucca Rocha,210.345.789-79,1963-02-16,apeixoto@example.net,+55 (011) 0408 0852
Melissa Moreira,157.648.902-76,1970-09-23,yurida-cunha@example.org,+55 81 8532 5914
Sra. Maria Fernanda Moraes,647.103.895-00,2000-11-18,omoura@example.com,+55 21 3976 5070
Laura Vieira,971.568.042-94,1973-01-20,alexiagoncalves@example.net,0900 949 7680
Kevin Teixeira,635.179.082-40,1970-08-25,campossofia@example.net,+55 (011) 5920 6997
Maria Cecília Barbosa,903.582.671-02,1971-08-18,novaesbernardo@example.com,71 4493 2214
Agatha Aragão,980.742.631-69,1968-04-15,maria-eduarda50@example.com,+55 (084) 6599 9552
Ana Clara da Mota,067.528.419-85,1992-12-09,joao-lucasmendes@example.org,51 6126 4078
Bruno Lima,594.372.168-19,1990-07-21,hrezende@example.net,(011) 1020-2541
Emanuel Viana,690.214.873-22,1985-01-18,vcosta@example.org,0500 437 8961
Camila Freitas,023.768.954-56,1983-09-29,vianadaniel@example.com,+55 (021) 1427-5008
Sr. Enzo Gabriel Dias,107.625.849-20,1999-12-21,esilveira@example.org,31 0958 3690
Ana Sophia Alves,734.218.560-44,1993-06-10,santosmariana@example.org,(061) 7041 3980
Sofia Cardoso,597.823.461-28,1969-11-01,monteiromaria-cecilia@example.com,+55 (061) 9177-1369
Maria Julia Teixeira,619.283.750-30,1984-01-22,tcardoso@example.com,11 2204-7747
Joaquim Almeida,591.740.238-88,1975-02-01,silveiraisis@example.net,71 0145 0426
Gustavo Farias,841.265.397-19,1979-05-25,maysa64@example.com,+55 31 8702 8125
Ana Laura Silveira,403.958.627-10,1965-07-28,marianacostela@example.com,41 7262-5105
Emanuelly Lima,459.723.168-46,2001-02-22,ramosclara@example.org,21 5979-0235
Luiz Gustavo Fernandes,783.062.514-07,1972-09-21,nogueiraantonio@example.org,+55 (031) 9997 3828
Breno Porto,736.825.410-71,1969-12-23,da-costaana-julia@example.net,31 1927-4850
Olivia Nunes,432.790.618-22,1980-10-27,heloisa67@example.net,+55 81 5245-1733
João Vitor Pereira,503.192.648-15,1989-07-14,rezenderyan@example.net,21 4744 0812
Marcos Vinicius Moraes,387.650.429-56,2003-03-11,luiza40@example.net,(061) 3061 9646
Helena Dias,582.390.647-10,1988-02-22,pgoncalves@example.net,0500-879-0485
Dra. Ana Júlia da Conceição,572.963.041-70,1967-01-08,barbara05@example.net,(021) 1902 5872
Sr. Diogo Araújo,752.419.683-00,1992-01-08,joao-guilherme32@example.org,+55 31 6786 7873
Dr. Heitor Duarte,630.728.154-53,1969-08-14,fernandeseduarda@example.net,(011) 9855 1703
Bernardo Araújo,519.478.630-10,1977-06-07,da-pazesther@example.net,11 5743 5584
Bruno da Costa,952.630.871-95,1965-06-23,davicarvalho@example.org,+55 (071) 6824 2693
Ana Carolina Carvalho,423.701.869-50,1972-05-15,barbosabruno@example.net,+55 41 4062 7214
Bárbara Oliveira,072.963.841-31,1967-08-16,agatha20@example.net,(084) 4833-2572
João Felipe Cardoso,215.748.390-04,1977-10-21,brodrigues@example.net,31 1903-3248
Raquel Costela,832.079.615-68,1992-01-22,nunesluna@example.net,+55 (081) 1888 7431
João Pedro Carvalho,734.981.260-40,2003-02-19,da-rochamaria-eduarda@example.net,+55 41 2414 9274
Laís Nunes,517.690.438-10,1982-01-31,limaheloisa@example.org,(031) 8345 1677
Fernando Fogaça,847.216.390-31,1977-11-22,isabelpeixoto@example.net,+55 11 0951-7186
Kevin Lopes,891.352.640-98,2001-03-06,manuelateixeira@example.org,41 6132-8938
Sra. Sarah Rezende,638.157.902-12,1992-11-19,da-cunhanicole@example.net,+55 61 4140 6259
Carolina Mendes,018.365.974-01,1968-01-03,daniloda-cruz@example.org,+55 (071) 1086 9790
Sarah Nunes,514.067.382-71,1998-11-10,rafael99@example.com,(061) 2744 8233
Esther Nogueira,243.960.751-70,1981-10-25,cporto@example.org,(021) 8515 7479
Brenda Costa,213.765.849-64,1989-06-11,ramosmatheus@example.org,+55 31 7728 1012
Lucas Gabriel da Cruz,987.614.025-67,2001-09-27,cauasantos@example.net,0800 137 6763
Davi Lucca Correia,150.786.492-20,1999-09-13,joao-lucascaldeira@example.net,71 1952 1556
Júlia Dias,812.509.743-05,1965-07-01,mendeshelena@example.com,(071) 8827-8399
Rebeca Melo,786.534.920-38,1987-06-07,gomesotavio@example.net,61 2172-3834
Leandro Lima,817.452.693-55,1992-07-26,abarros@example.org,+55 81 2835 6038
Eduarda Santos,230.419.586-51,1986-04-13,dbarbosa@example.net,(051) 2308 3174
Dr. Thiago Silva,528.396.074-92,1995-11-18,yrezende@example.net,+55 (021) 7583 8623
Gabrielly Moura,628.350.179-68,1989-12-29,nascimentomaria-eduarda@example.com,+55 (071) 9593-5587
Rebeca Lopes,042.196.375-16,1971-04-21,carolineazevedo@example.com,+55 11 3257-9023
Gustavo Ferreira,408.956.321-60,1980-02-25,salesmaria-fernanda@example.net,+55 (061) 3273-8452
Vinicius Vieira,802.764.519-02,2001-07-07,anafreitas@example.org,+55 (021) 0468-2772
Nicole Moraes,214.987.506-30,1968-09-18,bernardogoncalves@example.net,(051) 3657-8807
Luiz Gustavo Porto,604.328.917-22,1996-05-28,yago84@example.net,21 0838-4476
Stella Jesus,283.465.019-51,1964-01-05,erickaragao@example.org,(041) 0543 6405
João Sales,648.192.705-67,1997-10-27,pereirafernanda@example.net,(081) 3946-0320
Vitor Gabriel Viana,509.168.342-98,1981-05-25,erickvieira@example.org,(051) 8527-5160
Nicole Santos,918.530.267-86,1968-01-11,igor08@example.net,+55 (051) 5197 6688
Bianca Martins,183.024.679-87,2005-02-22,da-pazsophia@example.com,+55 31 3468 1352
Bryan Campos,905.846.127-02,1994-12-05,diasbrenda@example.com,+55 (011) 2519 6037
Caio Moraes,769.134.085-01,1970-05-28,peixotojoaquim@example.net,+55 51 0132 2304
Bryan da Conceição,807.693.451-66,1974-12-12,luiz-felipecardoso@example.net,(041) 1188-7675
Gustavo Rodrigues,394.052.716-52,2001-06-14,davi57@example.com,+55 (084) 3165-8728
Dra. Clara Duarte,893.275.016-59,1969-07-30,maria-luiza37@example.com,+55 (051) 9391-7366
Alexia Gomes,192.850.673-95,1975-05-16,eduardo50@example.org,+55 61 8007-4652
Emilly Gomes,397.081.264-03,1987-09-09,sophieoliveira@example.org,61 3522-8383
Sr. Cauê Viana,069.412.853-89,1980-08-27,gda-rocha@example.com,(051) 3999 2769
Clarice Silva,974.368.025-00,1984-06-04,ribeirodaniel@example.org,84 2403-4365
Isabelly Silva,428.951.673-46,1994-06-11,yasminmonteiro@example.net,31 6207 2259
Beatriz Gonçalves,519.732.408-23,1997-09-23,teixeiragustavo-henrique@example.com,+55 (031) 8267 4635
Emanuel da Paz,591.648.023-70,1997-12-04,barbosalucas-gabriel@example.com,41 4241 8785
Sr. Kevin Moura,974.152.068-94,1963-06-22,barbosapietro@example.org,21 7056 0492
Laura Barros,149.302.785-97,1997-10-08,samuelrocha@example.org,0300 809 4501
Srta. Mariana Porto,524.861.730-80,1965-04-14,isabelly81@example.net,(084) 9314-5338
Davi Lucas Lima,962.381.574-37,1979-07-14,eloahcorreia@example.net,(061) 9807 5352
Davi Luiz Caldeira,754.183.602-80,1964-01-26,arthursales@example.net,+55 11 5285-3490
Yuri Vieira,201.865.479-94,1990-11-10,andreazevedo@example.com,+55 (011) 1409-4170
Anthony Peixoto,057.389.126-59,1968-11-29,rebecasilva@example.net,51 8909 8483
Caroline Moraes,246.835.107-07,1988-05-18,salesana-beatriz@example.net,(011) 7613 0333
Sr. Diego Cardoso,687.103.924-40,1972-01-27,evelyncunha@example.net,(081) 2217 9312
Luana Santos,459.670.182-20,1971-08-09,kaiquemendes@example.com,21 7040 2314
Daniela Jesus,712.860.943-13,1969-05-30,nina93@example.com,+55 (061) 5688 2258
Rafael Silveira,703.456.821-90,1975-07-06,ymoraes@example.org,0800-614-2762
Fernando da Rosa,176.284.305-62,1995-09-17,uda-cunha@example.org,11 4207-5107
Sr. Lorenzo Duarte,253.847.160-53,1978-08-10,silveiranatalia@example.net,+55 41 0292-7526
Eloah Campos,541.692.780-11,1986-12-02,acostela@example.org,+55 31 9966-5801
Dr. Eduardo Carvalho,135.872.460-17,1973-12-05,ana-livia35@example.com,0300-140-4543
Arthur da Rocha,284.653.710-08,1971-12-25,lramos@example.com,+55 (061) 0883 2628
Bárbara Pereira,253.087.619-30,1991-04-16,castroheitor@example.com,(061) 2366 3148
Benjamin da Mota,120.536.498-60,1984-10-14,castromariana@example.net,51 6016 7650
Thiago Gomes,036.125.479-25,1994-10-24,bianca75@example.com,(021) 2839-4460
Breno Castro,143.968.570-39,2001-01-09,carolineribeiro@example.org,(081) 7380-8844
Emilly Cunha,839.047.162-04,1966-06-08,heitor26@example.org,21 2312-6393
Otávio Rezende,071.354.928-97,1965-10-27,joaquim62@example.org,21 2974-5085
Sr. Caio Ramos,487.613.095-75,1972-12-09,larissagomes@example.org,+55 (051) 5447-7958
Luiza Freitas,406.158.392-15,1963-10-20,carvalhoemilly@example.org,+55 (041) 7149-3351
Srta. Luiza Pinto,476.023.985-56,1969-04-18,viniciusnascimento@example.org,(041) 5645 1345
Nicolas Araújo,721.043.695-25,1994-03-06,mgoncalves@example.com,51 1357 9668
Lucas Novaes,583.471.096-48,1988-10-10,da-luzluiza@example.org,+55 41 9828 1459
Dra. Sophia Carvalho,732.461.950-99,2002-12-06,da-pazevelyn@example.net,41 5304 6118
Dr. Enzo Peixoto,187.629.403-50,1994-12-30,sabrina90@example.com,+55 81 7778 7444
Emanuelly Pinto,726.850.341-53,1967-10-22,luiz-fernandodias@example.com,(081) 8866 9717
Maria Fernanda Araújo,542.076.938-74,1999-03-06,oliviajesus@example.com,+55 (021) 7902 7047
Eloah Pereira,471.956.280-94,1989-10-18,thomas78@example.com,11 8781-3298
Arthur Aragão,570.862.493-00,1990-06-05,luccacampos@example.com,41 4340-8898
Pietra Freitas,907.362.845-83,1978-07-22,joao-miguel69@example.org,0900 061 8460
Sr. Felipe Rocha,134.850.627-07,1993-07-10,almeidabernardo@example.org,+55 51 5220 6888
Augusto Aragão,289.435.671-46,1981-01-18,antonio92@example.net,(051) 2267-1801
Isadora Lopes,527.041.936-06,1979-05-11,mgomes@example.org,+55 21 5307-3403
Sr. Marcelo da Costa,159.072.638-30,1964-09-01,sophie69@example.com,(071) 3872 9208
Gustavo Henrique Gonçalves,321.456.879-55,1977-02-11,diogo25@example.net,+55 (041) 4657-1569
Ana Vitória Almeida,516.042.839-98,1978-05-14,caldeiraana-sophia@example.org,+55 71 5848 4848
Sra. Emilly Novaes,596.740.328-00,1984-08-11,thiagofreitas@example.com,51 2229 2186
Sr. Raul Pereira,261.387.954-82,1976-09-08,leandrojesus@example.net,(021) 8720-2694
Yuri Castro,638.701.452-26,1965-01-31,esther38@example.org,+55 (081) 1811 2395
Gabriela da Mota,970.842.163-40,1982-04-06,joana63@example.net,21 2212-8392
Sabrina Lopes,712.536.089-03,1997-12-29,qmonteiro@example.com,(084) 4347 0602
Manuela Rodrigues,902.871.456-11,1967-01-15,da-costajoao-gabriel@example.net,(051) 7939-9170
Thiago Peixoto,580.796.143-93,1977-04-24,raquel20@example.org,71 9425 5587
Manuela Aragão,705.369.421-61,1988-01-18,hsantos@example.org,0900 510 4275
Emanuelly da Rocha,657.241.839-19,1970-02-22,murilo61@example.net,+55 84 2805-2649
Guilherme Jesus,714.289.605-11,1986-07-27,davi-lucca69@example.com,51 5697 3546
João Lucas Souza,768.029.134-96,1981-12-14,da-cunharafaela@example.net,+55 (081) 7125 4180
Beatriz Carvalho,864.572.309-38,1971-01-20,anthony91@example.net,+55 (021) 2304 7673
Maria Luiza Dias,309.576.241-07,1981-12-26,limapietra@example.com,+55 (081) 6124 7117
Raul Barbosa,214.607.395-07,1985-09-06,anacardoso@example.net,21 5576-6183
Dr. Rodrigo da Conceição,952.067.841-76,1986-05-17,lcosta@example.net,(011) 0866-4470
Sophia Silveira,960.128.374-96,1988-12-10,diasfernando@example.com,+55 (051) 2520-1930
